[
    {
        "index": 0,
        "id": "1000",
        "moves": [[7], [1, 5]],
        "terrain": "mountains",
        "radius": 1,
        "latitude": 0,
        "rotation": 1
    },
    {
        "index": 1,
        "id": "2000",
        "moves": [[10], [2, 0]],
        "terrain": "tundra",
        "radius": 1,
        "latitude": 0,
        "rotation": 2
    },
    {
        "index": 2,
        "id": "3000",
        "moves": [[13], [3, 1]],
        "terrain": "mountains",
        "radius": 1,
        "latitude": 0,
        "rotation": 3
    },
    {
        "index": 3,
        "id": "4000",
        "moves": [[16], [4, 2]],
        "terrain": "tundra",
        "radius": 1,
        "latitude": 0,
        "rotation": 4
    },
    {
        "index": 4,
        "id": "5000",
        "moves": [[19], [5, 3]],
        "terrain": "mountains",
        "radius": 1,
        "latitude": 0,
        "rotation": 5
    },
    {
        "index": 5,
        "id": "6000",
        "moves": [[22], [0, 4]],
        "terrain": "tundra",
        "radius": 1,
        "latitude": 0,
        "rotation": 6
    },
    {
        "index": 6,
        "id": "42",
        "moves": [[23, 7], [7]],
        "terrain": "swamp",
        "radius": 2,
        "latitude": 0,
        "rotation": 1
    },
    {
        "index": 7,
        "id": "1",
        "moves": [[0, 8], [8]],
        "terrain": "plains",
        "radius": 2,
        "latitude": 1,
        "rotation": 1
    },
    {
        "index": 8,
        "id": "2",
        "moves": [[27, 9], [27]],
        "terrain": "woods",
        "radius": 2,
        "latitude": 2,
        "rotation": 1
    },
    {
        "index": 9,
        "id": "7",
        "moves": [[8, 10], [10]],
        "terrain": "desert",
        "radius": 2,
        "latitude": 0,
        "rotation": 2
    },
    {
        "index": 10,
        "id": "8",
        "moves": [[1, 11], [11]],
        "terrain": "marsh",
        "radius": 2,
        "latitude": 1,
        "rotation": 2
    },
    {
        "index": 11,
        "id": "9",
        "moves": [[32, 12], [32]],
        "terrain": "hills",
        "radius": 2,
        "latitude": 2,
        "rotation": 2
    },
    {
        "index": 12,
        "id": "14",
        "moves": [[11, 13], [13]],
        "terrain": "swamp",
        "radius": 2,
        "latitude": 0,
        "rotation": 3
    },
    {
        "index": 13,
        "id": "15",
        "moves": [[2, 14], [14]],
        "terrain": "plains",
        "radius": 2,
        "latitude": 1,
        "rotation": 3
    },
    {
        "index": 14,
        "id": "16",
        "moves": [[37, 15], [37]],
        "terrain": "woods",
        "radius": 2,
        "latitude": 2,
        "rotation": 3
    },
    {
        "index": 15,
        "id": "21",
        "moves": [[14, 16], [16]],
        "terrain": "desert",
        "radius": 2,
        "latitude": 0,
        "rotation": 4
    },
    {
        "index": 16,
        "id": "22",
        "moves": [[3, 17], [17]],
        "terrain": "marsh",
        "radius": 2,
        "latitude": 1,
        "rotation": 4
    },
    {
        "index": 17,
        "id": "23",
        "moves": [[42, 18], [42]],
        "terrain": "hills",
        "radius": 2,
        "latitude": 2,
        "rotation": 4
    },
    {
        "index": 18,
        "id": "28",
        "moves": [[17, 19], [19]],
        "terrain": "swamp",
        "radius": 2,
        "latitude": 0,
        "rotation": 5
    },
    {
        "index": 19,
        "id": "29",
        "moves": [[4, 20], [20]],
        "terrain": "plains",
        "radius": 2,
        "latitude": 1,
        "rotation": 5
    },
    {
        "index": 20,
        "id": "30",
        "moves": [[47, 21], [47]],
        "terrain": "woods",
        "radius": 2,
        "latitude": 2,
        "rotation": 5
    },
    {
        "index": 21,
        "id": "35",
        "moves": [[20, 22], [22]],
        "terrain": "desert",
        "radius": 2,
        "latitude": 0,
        "rotation": 6
    },
    {
        "index": 22,
        "id": "36",
        "moves": [[5, 23], [23]],
        "terrain": "marsh",
        "radius": 2,
        "latitude": 1,
        "rotation": 6
    },
    {
        "index": 23,
        "id": "37",
        "moves": [[52, 6], [52]],
        "terrain": "hills",
        "radius": 2,
        "latitude": 2,
        "rotation": 6
    },
    {
        "index": 24,
        "id": "40",
        "moves": [[55], [25]],
        "terrain": "jungle",
        "radius": 3,
        "latitude": 0,
        "rotation": 1
    },
    {
        "index": 25,
        "id": "41",
        "moves": [[26, 6], [6]],
        "terrain": "marsh",
        "radius": 3,
        "latitude": 1,
        "rotation": 1
    },
    {
        "index": 26,
        "id": "100",
        "moves": [
            [25, 27, 57],
            [25, 27, 57]
        ],
        "terrain": "tower",
        "radius": 3,
        "latitude": 2,
        "rotation": 1
    },
    {
        "index": 27,
        "id": "3",
        "moves": [[26, 28], [28]],
        "terrain": "brush",
        "radius": 3,
        "latitude": 3,
        "rotation": 1
    },
    {
        "index": 28,
        "id": "4",
        "moves": [[59], [29]],
        "terrain": "hills",
        "radius": 3,
        "latitude": 4,
        "rotation": 1
    },
    {
        "index": 29,
        "id": "5",
        "moves": [[62], [30]],
        "terrain": "jungle",
        "radius": 3,
        "latitude": 0,
        "rotation": 2
    },
    {
        "index": 30,
        "id": "6",
        "moves": [[29, 9], [9]],
        "terrain": "plains",
        "radius": 3,
        "latitude": 1,
        "rotation": 2
    },
    {
        "index": 31,
        "id": "200",
        "moves": [
            [30, 32, 64],
            [30, 32, 64]
        ],
        "terrain": "tower",
        "radius": 3,
        "latitude": 2,
        "rotation": 2
    },
    {
        "index": 32,
        "id": "10",
        "moves": [[31, 33], [33]],
        "terrain": "brush",
        "radius": 3,
        "latitude": 3,
        "rotation": 2
    },
    {
        "index": 33,
        "id": "11",
        "moves": [[66], [34]],
        "terrain": "woods",
        "radius": 3,
        "latitude": 4,
        "rotation": 2
    },
    {
        "index": 34,
        "id": "12",
        "moves": [[69], [35]],
        "terrain": "jungle",
        "radius": 3,
        "latitude": 0,
        "rotation": 3
    },
    {
        "index": 35,
        "id": "13",
        "moves": [[32, 12], [12]],
        "terrain": "marsh",
        "radius": 3,
        "latitude": 1,
        "rotation": 3
    },
    {
        "index": 36,
        "id": "300",
        "moves": [
            [35, 37, 71],
            [35, 37, 71]
        ],
        "terrain": "tower",
        "radius": 3,
        "latitude": 2,
        "rotation": 3
    },
    {
        "index": 37,
        "id": "17",
        "moves": [[36, 38], [38]],
        "terrain": "brush",
        "radius": 3,
        "latitude": 3,
        "rotation": 3
    },
    {
        "index": 38,
        "id": "18",
        "moves": [[73], [39]],
        "terrain": "hills",
        "radius": 3,
        "latitude": 4,
        "rotation": 3
    },
    {
        "index": 39,
        "id": "19",
        "moves": [[76], [40]],
        "terrain": "jungle",
        "radius": 3,
        "latitude": 0,
        "rotation": 4
    },
    {
        "index": 40,
        "id": "20",
        "moves": [[35, 15], [15]],
        "terrain": "plains",
        "radius": 3,
        "latitude": 1,
        "rotation": 4
    },
    {
        "index": 41,
        "id": "400",
        "moves": [
            [40, 42, 78],
            [40, 42, 78]
        ],
        "terrain": "tower",
        "radius": 3,
        "latitude": 2,
        "rotation": 4
    },
    {
        "index": 42,
        "id": "24",
        "moves": [[41, 43], [43]],
        "terrain": "brush",
        "radius": 3,
        "latitude": 3,
        "rotation": 4
    },
    {
        "index": 43,
        "id": "25",
        "moves": [[80], [44]],
        "terrain": "woods",
        "radius": 3,
        "latitude": 4,
        "rotation": 4
    },
    {
        "index": 44,
        "id": "26",
        "moves": [[83], [45]],
        "terrain": "jungle",
        "radius": 3,
        "latitude": 0,
        "rotation": 5
    },
    {
        "index": 45,
        "id": "27",
        "moves": [[38, 18], [18]],
        "terrain": "marsh",
        "radius": 3,
        "latitude": 1,
        "rotation": 5
    },
    {
        "index": 46,
        "id": "500",
        "moves": [
            [45, 47, 85],
            [45, 47, 85]
        ],
        "terrain": "tower",
        "radius": 3,
        "latitude": 2,
        "rotation": 5
    },
    {
        "index": 47,
        "id": "31",
        "moves": [[46, 48], [48]],
        "terrain": "brush",
        "radius": 3,
        "latitude": 3,
        "rotation": 5
    },
    {
        "index": 48,
        "id": "32",
        "moves": [[87], [49]],
        "terrain": "hills",
        "radius": 3,
        "latitude": 4,
        "rotation": 5
    },
    {
        "index": 49,
        "id": "33",
        "moves": [[90], [50]],
        "terrain": "jungle",
        "radius": 3,
        "latitude": 0,
        "rotation": 6
    },
    {
        "index": 50,
        "id": "34",
        "moves": [[41, 21], [21]],
        "terrain": "plains",
        "radius": 3,
        "latitude": 1,
        "rotation": 6
    },
    {
        "index": 51,
        "id": "600",
        "moves": [
            [50, 52, 92],
            [50, 52, 92]
        ],
        "terrain": "tower",
        "radius": 3,
        "latitude": 2,
        "rotation": 6
    },
    {
        "index": 52,
        "id": "38",
        "moves": [[51, 53], [53]],
        "terrain": "brush",
        "radius": 3,
        "latitude": 3,
        "rotation": 6
    },
    {
        "index": 53,
        "id": "39",
        "moves": [[94], [24]],
        "terrain": "woods",
        "radius": 3,
        "latitude": 4,
        "rotation": 6
    },
    {
        "index": 54,
        "id": "140",
        "moves": [[95], [95]],
        "terrain": "marsh",
        "radius": 4,
        "latitude": 0,
        "rotation": 1
    },
    {
        "index": 55,
        "id": "141",
        "moves": [[24, 54], [54]],
        "terrain": "brush",
        "radius": 4,
        "latitude": 1,
        "rotation": 1
    },
    {
        "index": 56,
        "id": "142",
        "moves": [[55], [55]],
        "terrain": "swamp",
        "radius": 4,
        "latitude": 2,
        "rotation": 1
    },
    {
        "index": 57,
        "id": "101",
        "moves": [[26, 56], [56]],
        "terrain": "plains",
        "radius": 4,
        "latitude": 3,
        "rotation": 1
    },
    {
        "index": 58,
        "id": "102",
        "moves": [[57], [57]],
        "terrain": "brush",
        "radius": 4,
        "latitude": 4,
        "rotation": 1
    },
    {
        "index": 59,
        "id": "103",
        "moves": [[28, 58], [58]],
        "terrain": "marsh",
        "radius": 4,
        "latitude": 5,
        "rotation": 1
    },
    {
        "index": 60,
        "id": "104",
        "moves": [[59], [59]],
        "terrain": "jungle",
        "radius": 4,
        "latitude": 6,
        "rotation": 1
    },
    {
        "index": 61,
        "id": "105",
        "moves": [[60], [60]],
        "terrain": "plains",
        "radius": 4,
        "latitude": 0,
        "rotation": 2
    },
    {
        "index": 62,
        "id": "106",
        "moves": [[29, 61], [61]],
        "terrain": "brush",
        "radius": 4,
        "latitude": 1,
        "rotation": 2
    },
    {
        "index": 63,
        "id": "107",
        "moves": [[62], [62]],
        "terrain": "jungle",
        "radius": 4,
        "latitude": 2,
        "rotation": 2
    },
    {
        "index": 64,
        "id": "108",
        "moves": [[31, 63], [63]],
        "terrain": "marsh",
        "radius": 4,
        "latitude": 3,
        "rotation": 2
    },
    {
        "index": 65,
        "id": "109",
        "moves": [[64], [64]],
        "terrain": "brush",
        "radius": 4,
        "latitude": 4,
        "rotation": 2
    },
    {
        "index": 66,
        "id": "110",
        "moves": [[33, 65], [65]],
        "terrain": "plains",
        "radius": 4,
        "latitude": 5,
        "rotation": 2
    },
    {
        "index": 67,
        "id": "111",
        "moves": [[66], [66]],
        "terrain": "desert",
        "radius": 4,
        "latitude": 6,
        "rotation": 2
    },
    {
        "index": 68,
        "id": "112",
        "moves": [[67], [67]],
        "terrain": "marsh",
        "radius": 4,
        "latitude": 0,
        "rotation": 3
    },
    {
        "index": 69,
        "id": "113",
        "moves": [[34, 68], [68]],
        "terrain": "brush",
        "radius": 4,
        "latitude": 1,
        "rotation": 3
    },
    {
        "index": 70,
        "id": "114",
        "moves": [[69], [69]],
        "terrain": "swamp",
        "radius": 4,
        "latitude": 2,
        "rotation": 3
    },
    {
        "index": 71,
        "id": "115",
        "moves": [[36, 70], [70]],
        "terrain": "plains",
        "radius": 4,
        "latitude": 3,
        "rotation": 3
    },
    {
        "index": 72,
        "id": "116",
        "moves": [[71], [71]],
        "terrain": "brush",
        "radius": 4,
        "latitude": 4,
        "rotation": 3
    },
    {
        "index": 73,
        "id": "117",
        "moves": [[38, 72], [72]],
        "terrain": "marsh",
        "radius": 4,
        "latitude": 5,
        "rotation": 3
    },
    {
        "index": 74,
        "id": "118",
        "moves": [[73], [73]],
        "terrain": "jungle",
        "radius": 4,
        "latitude": 6,
        "rotation": 3
    },
    {
        "index": 75,
        "id": "119",
        "moves": [[74], [74]],
        "terrain": "plains",
        "radius": 4,
        "latitude": 0,
        "rotation": 4
    },
    {
        "index": 76,
        "id": "120",
        "moves": [[39, 75], [75]],
        "terrain": "brush",
        "radius": 4,
        "latitude": 1,
        "rotation": 4
    },
    {
        "index": 77,
        "id": "121",
        "moves": [[76], [76]],
        "terrain": "jungle",
        "radius": 4,
        "latitude": 2,
        "rotation": 4
    },
    {
        "index": 78,
        "id": "122",
        "moves": [[41, 77], [77]],
        "terrain": "marsh",
        "radius": 4,
        "latitude": 3,
        "rotation": 4
    },
    {
        "index": 79,
        "id": "123",
        "moves": [[78], [78]],
        "terrain": "brush",
        "radius": 4,
        "latitude": 4,
        "rotation": 4
    },
    {
        "index": 80,
        "id": "124",
        "moves": [[43, 79], [79]],
        "terrain": "plains",
        "radius": 4,
        "latitude": 5,
        "rotation": 4
    },
    {
        "index": 81,
        "id": "125",
        "moves": [[80], [80]],
        "terrain": "desert",
        "radius": 4,
        "latitude": 6,
        "rotation": 4
    },
    {
        "index": 82,
        "id": "126",
        "moves": [[81], [81]],
        "terrain": "marsh",
        "radius": 4,
        "latitude": 0,
        "rotation": 5
    },
    {
        "index": 83,
        "id": "127",
        "moves": [[44, 82], [82]],
        "terrain": "brush",
        "radius": 4,
        "latitude": 1,
        "rotation": 5
    },
    {
        "index": 84,
        "id": "128",
        "moves": [[83], [83]],
        "terrain": "swamp",
        "radius": 4,
        "latitude": 2,
        "rotation": 5
    },
    {
        "index": 85,
        "id": "129",
        "moves": [[46, 84], [84]],
        "terrain": "plains",
        "radius": 4,
        "latitude": 3,
        "rotation": 5
    },
    {
        "index": 86,
        "id": "130",
        "moves": [[85], [85]],
        "terrain": "brush",
        "radius": 4,
        "latitude": 4,
        "rotation": 5
    },
    {
        "index": 87,
        "id": "131",
        "moves": [[48, 86], [86]],
        "terrain": "marsh",
        "radius": 4,
        "latitude": 5,
        "rotation": 5
    },
    {
        "index": 88,
        "id": "132",
        "moves": [[87], [87]],
        "terrain": "jungle",
        "radius": 4,
        "latitude": 6,
        "rotation": 5
    },
    {
        "index": 89,
        "id": "133",
        "moves": [[88], [88]],
        "terrain": "plains",
        "radius": 4,
        "latitude": 0,
        "rotation": 6
    },
    {
        "index": 90,
        "id": "134",
        "moves": [[49, 89], [89]],
        "terrain": "brush",
        "radius": 4,
        "latitude": 1,
        "rotation": 6
    },
    {
        "index": 91,
        "id": "135",
        "moves": [[90], [90]],
        "terrain": "jungle",
        "radius": 4,
        "latitude": 2,
        "rotation": 6
    },
    {
        "index": 92,
        "id": "136",
        "moves": [[51, 91], [91]],
        "terrain": "marsh",
        "radius": 4,
        "latitude": 3,
        "rotation": 6
    },
    {
        "index": 93,
        "id": "137",
        "moves": [[92], [92]],
        "terrain": "brush",
        "radius": 4,
        "latitude": 4,
        "rotation": 6
    },
    {
        "index": 94,
        "id": "138",
        "moves": [[53, 93], [93]],
        "terrain": "plains",
        "radius": 4,
        "latitude": 5,
        "rotation": 6
    },
    {
        "index": 95,
        "id": "139",
        "moves": [[94], [94]],
        "terrain": "desert",
        "radius": 4,
        "latitude": 6,
        "rotation": 6
    }
]
